{
    "model_name": "Weather Intelligence v2 (Optimized XGBoost)",
    "algorithm": "XGBoost Regressor",
    "training_samples": 20000,
    "test_samples": 10000,
    "metrics": {
        "MAE": "0.2904",
        "R2_Score": "0.7208"
    },
    "feature_importances": {
        "category_enc": 0.14615562558174133,
        "temp_max": 0.06386061012744904,
        "temp_deviation": 0.18959738314151764,
        "precip_deviation": 0.022654609754681587,
        "comfort_index": 0.04276618734002113,
        "heatwave_proxy": 0.014112681150436401,
        "storm_proxy": 0.44976428151130676,
        "temp_dev_lag_1": 0.018261471763253212,
        "temp_dev_lag_3": 0.01636657677590847,
        "precip_dev_lag_1": 0.018920743837952614,
        "precip_dev_lag_3": 0.017539801076054573
    },
    "last_trained": "2026-03-20 13:25:56",
    "status": "Federated Local Ready"
}